ID,show_title,confirmation_date,character_name,race,gender,orientation,role,representation
tt7736544,3Below: Tales of Arcadia,7/12/2019,Shannon Longhannon,Blanco,Mujer Cis,Lesbiana,Personaje Recurrente,Explícito
tt1305826,Adventure Time,5/17/2010,Princess Bubblegum,N/A,Mujer Cis,Indeterminado,Personaje Recurrente,Explícito
tt1305826,Adventure Time,4/5/2010,Marceline the Vampire Queen,N/A,Mujer Cis,Indeterminado,Personaje Recurrente,Explícito
tt1305826,Adventure Time,4/26/2010,BMO,N/A,Agénero,Indeterminado,Personaje Recurrente,Explícito
tt11165358,Adventure Time: Distant Lands,6/25/2020,Y5,N/A,Mujer Cis,Ambiguo,Personaje Recurrente,Implícito
tt1790914,Allen Gregory,10/30/2011,Jeremy De Longpre,Blanco,Hombre Cis,Bisexual,Personaje Recurrente,Explícito
tt1790914,Allen Gregory,10/30/2011,Richard De Longpre,Blanco,Hombre Cis,Gay,Personaje Recurrente,Explícito
tt0397306,American Dad!,5/1/2005,Terry Bates,Blanco,Hombre Cis,Gay,Personaje Recurrente,Explícito
tt0397306,American Dad!,5/1/2005,Greg Corbin,Blanco,Hombre Cis,Gay,Personaje Recurrente,Explícito
tt0397306,American Dad!,2/6/2005,Roger,N/A,Agénero,Pansexual,Personaje Principal,Explícito
tt8050740,Amphibia,10/30/2021,Ally,POC,Mujer Cis,Pansexual,Personaje Invitado,Explícito
tt8050740,Amphibia,10/30/2021,Jess,POC,Mujer Cis,Bisexual,Personaje Invitado,Explícito
tt11126994,Arcane,11/13/2021,Caitlyn Kiramman,Blanco,Mujer Cis,Lesbiana,Personaje Principal,Implícito
tt11126994,Arcane,11/6/2021,Vi,Blanco,Mujer Cis,Lesbiana,Personaje Principal,Implícito
tt1486217,Archer,2/3/2011,Ray Gillette,Blanco,Hombre Cis,Gay,Personaje Principal,Explícito
tt1486217,Archer,9/17/2009,Woodhouse,Blanco,Hombre Cis,Gay,Personaje Recurrente,Implícito
tt1486217,Archer,9/17/2009,Pam Poovey,Blanco,Mujer Cis,Bisexual,Personaje Principal,Explícito
tt0169414,Arthur,5/13/2019,Nigel Ratburn,N/A,Hombre Cis,Gay,Personaje Recurrente,Explícito
tt4163486,Bee and PuppyCat,7/11/2013,Toast,Blanco,Mujer Cis,Lesbiana,Personaje Invitado,Explícito
tt7165904,Big City Greens,6/27/2018,Terry,N/A,Hombre Cis,Gay,Personaje Recurrente,Implícito
tt7165904,Big City Greens,6/27/2018,Alexander,N/A,Hombre Cis,Gay,Personaje Recurrente,Implícito
tt6524350,Big Mouth,9/29/2019,Matthew MacDell,Blanco,Hombre Cis,Gay,Personaje Recurrente,Explícito
tt6524350,Big Mouth,10/4/2019,Jay Bilzerian,POC,Hombre Cis,Bisexual,Personaje Principal,Explícito
tt6524350,Big Mouth,10/4/2019,Aiden,Blanco,Hombre Cis,Gay,Personaje Recurrente,Explícito
tt6524350,Big Mouth,9/29/2019,Dina Reznick,Blanco,Mujer Cis,Lesbiana,Personaje Recurrente,Explícito
tt6524350,Big Mouth,9/29/2019,Shannon Glaser,Blanco,Mujer Cis,Bisexual,Personaje Recurrente,Explícito
tt6524350,Big Mouth,10/4/2019,Ali,POC,Mujer Cis,Pansexual,Personaje Recurrente,Explícito
tt6524350,Big Mouth,11/5/2021,Jessi Glaser,Blanco,Mujer Cis,Bisexual,Personaje Principal,Explícito
tt6524350,Big Mouth,12/5/2020,Natalie,Blanco,Mujer Trans,Heterosexual,Personaje Invitado,Explícito
tt1561755,Bob's Burgers,12/10/2017,Dalton Crespin,Blanco,Hombre Cis,Gay,Personaje Invitado,Explícito
tt1561755,Bob's Burgers,1/14/2018,Nat Kinkle,Blanco,Mujer Cis,Lesbiana,Personaje Invitado,Explícito
tt1561755,Bob's Burgers,3/6/2011,Marbles,Blanco,Mujer Trans,Indeterminado,Personaje Invitado,Explícito
tt1561755,Bob's Burgers,3/6/2011,Marshmallow,POC,Mujer Trans,Indeterminado,Personaje Recurrente,Explícito
tt3398228,BoJack Horseman,9/8/2017,Hollyhock's fathers,N/A,Hombre Cis,Poliamoroso,Personaje Recurrente,Explícito
tt3398228,BoJack Horseman,7/22/2016,Todd Chavez,Blanco,Hombre Cis,Asexual,Personaje Principal,Explícito
tt3398228,BoJack Horseman,8/22/2014,Herb Kazzaz,Blanco,Hombre Cis,Gay,Personaje Recurrente,Explícito
tt3398228,BoJack Horseman,10/25/2019,Doctor Champ,N/A,Hombre Cis,Gay,Personaje Recurrente,Explícito
tt3398228,BoJack Horseman,8/22/2014,Kelsey Jannings,Blanco,Mujer Cis,Lesbiana,Personaje Recurrente,Explícito
tt3398228,BoJack Horseman,9/14/2018,Dr. Indria Dadyshue,POC,Mujer Cis,Lesbiana,Personaje Invitado,Explícito
tt3398228,BoJack Horseman,9/14/2018,Mary-Beth,POC,Mujer Cis,Lesbiana,Personaje Invitado,Explícito
tt2474952,Bravest Warriors,1/20/2013,Plum,N/A,Mujer Cis,Bisexual,Personaje Principal,Implícito
tt2022713,Brickleberry,10/9/2012,Connie Cunaman,Blanco,Mujer Cis,Lesbiana,Personaje Principal,Explícito
tt7042146,Carmen Sandiego,1/18/2019,Le Chevre,POC,Hombre Cis,Gay,Personaje Secundario,Implícito
tt7042146,Carmen Sandiego,1/18/2019,El Topo,POC,Hombre Cis,Gay,Personaje Secundario,Implícito
tt6517102,Castlevania,7/7/2017,Alucard,Blanco,Hombre Cis,Bisexual,Personaje Principal,Explícito
tt6517102,Castlevania,3/5/2020,Taka,POC,Hombre Cis,Bisexual,Personaje Recurrente,Explícito
tt6517102,Castlevania,3/5/2020,Striga,Blanco,Mujer Cis,Lesbiana,Personaje Recurrente,Implícito
tt6517102,Castlevania,3/5/2020,Morana,POC,Mujer Cis,Lesbiana,Personaje Recurrente,Implícito
tt10919290,Centaurworld,7/30/2021,Splenbib,N/A,Hombre Cis,Gay,Personaje Recurrente,Implícito
tt10919290,Centaurworld,7/30/2021,Zulius,N/A,Hombre Cis,Gay,Personaje Principal,Implícito
tt10919290,Centaurworld,7/30/2021,Ched,N/A,Hombre Cis,Gay,Personaje Principal,Explícito
tt15125616,Chicago Party Aunt,9/17/2021,Daniel,Blanco,Hombre Cis,Gay,Personaje Principal,Explícito
tt3221268,Chozen,1/13/2014,Chozen,Blanco,Hombre Cis,Gay,Personaje Principal,Explícito
tt3221268,Chozen,1/13/2014,Hunter,Blanco,Hombre Cis,Gay,Personaje Principal,Explícito
tt10380896,City of Ghosts,3/5/2021,Thomas,POC,No Binario,Indeterminado,Personaje Principal,Explícito
tt3061050,Clarence,10/23/2014,Kevin,Blanco,Hombre Cis,Gay,Personaje Recurrente,Explícito
tt3061050,Clarence,12/4/2014,Sue Randell,Blanco,Mujer Cis,Indeterminado,Personaje Recurrente,Explícito
tt3061050,Clarence,12/4/2014,EJ Randell,Blanco,Mujer Cis,Indeterminado,Personaje Recurrente,Explícito
tt7713450,Craig of the Creek,11/8/2018,Raj,POC,Hombre Cis,Gay,Personaje Recurrente,Implícito
tt7713450,Craig of the Creek,11/8/2018,Shawn,Blanco,Hombre Cis,Gay,Personaje Recurrente,Implícito
tt7713450,Craig of the Creek,8/3/2019,Jasmine Williams,POC,Mujer Cis,Lesbiana,Personaje Recurrente,Explícito
tt7713450,Craig of the Creek,3/31/2018,Isabella Alvarado/Stacks,POC,Mujer Cis,Lesbiana,Personaje Recurrente,Implícito
tt7713450,Craig of the Creek,4/6/2018,Laura Mercer,Blanco,Mujer Cis,Lesbiana,Personaje Recurrente,Explícito
tt7713450,Craig of the Creek,4/16/2018,Tabitha,Blanco,Mujer Cis,Lesbiana,Personaje Recurrente,Explícito
tt7713450,Craig of the Creek,3/30/2018,Kelsey Pokoly,Blanco,Mujer Cis,Lesbiana,Personaje Principal,Implícito
tt7713450,Craig of the Creek,4/16/2018,Courtney,Blanco,Mujer Cis,Lesbiana,Personaje Recurrente,Explícito
tt7713450,Craig of the Creek,12/16/2019,Angel Jose,POC,Agénero,Queer,Personaje Recurrente,Explícito
tt5120600,Danger & Eggs,6/30/2017,Reina,POC,Mujer Cis,Queer,Personaje Recurrente,Explícito
tt5120600,Danger & Eggs,6/30/2017,Milo,POC,No Binario,Indeterminado,Personaje Invitado,Explícito
tt5120600,Danger & Eggs,6/30/2017,The Mayor,POC,Mujer Trans,Indeterminado,Personaje Recurrente,Implícito
tt5120600,Danger & Eggs,6/30/2017,D.D. Danger,Blanco,Indeterminado,Queer,Personaje Principal,Explícito
tt5363918,Disenchantment,8/17/2018,Sorcerio,Blanco,Hombre Cis,Gay,Personaje Recurrente,Implícito
tt5363918,Disenchantment,8/17/2018,Odval,POC,Hombre Cis,Gay,Personaje Recurrente,Implícito
tt5363918,Disenchantment,8/17/2018,Queen Bean,Blanco,Mujer Cis,Bisexual,Personaje Principal,Explícito
tt1710295,Doc McStuffins,3/23/2012,Thea,POC,Mujer Cis,Lesbiana,Personaje Invitado,Explícito
tt1710295,Doc McStuffins,3/23/2012,Edie,Blanco,Mujer Cis,Lesbiana,Personaje Invitado,Explícito
tt14069590,Dota: Dragon's Blood,3/25/2021,Fymrym,Blanco,Mujer Cis,Bisexual,Personaje Principal,Explícito
tt0386180,Drawn Together,10/27/2004,Xandir P. Whifflebottom,N/A,Hombre Cis,Gay,Personaje Principal,Explícito
tt0386180,Drawn Together,10/27/2004,Ling-Ling,POC,Hombre Cis,Bisexual,Personaje Principal,Explícito
tt0386180,Drawn Together,11/17/2004,Captain Leslie Hero,Blanco,Hombre Cis,Pansexual,Personaje Principal,Implícito
tt0386180,Drawn Together,10/27/2004,Foxxy Love,POC,Mujer Cis,Bisexual,Personaje Principal,Explícito
tt5531466,DuckTales (2017),4/4/2020,Indy Sabrewing,N/A,Hombre Cis,Indeterminado,Personaje Invitado,Explícito
tt5531466,DuckTales (2017),4/4/2020,Ty Sabrewing,N/A,Hombre Cis,Indeterminado,Personaje Invitado,Explícito
tt5531466,DuckTales (2017),3/9/2019,Lieutenant Penumbra,N/A,Mujer Cis,Lesbiana,Personaje Recurrente,Implícito
tt9073898,Duncanville,2/16/2020,Mia Abara,POC,Género Fluido,Indeterminado,Personaje Principal,Explícito
tt4326894,F Is for Family,11/25/2021,Louis Chilson,Blanco,Hombre Cis,Gay,Personaje Secundario,Explícito
tt4326894,F Is for Family,5/30/2017,Greg Throater Sr.,Blanco,Hombre Cis,Gay,Personaje Recurrente,Explícito
tt4326894,F Is for Family,12/18/2015,Ginny Throater,Blanco,Mujer Cis,Bisexual,Personaje Recurrente,Explícito
tt4326894,F Is for Family,6/25/2020,Eileen Murphy,Blanco,Mujer Cis,Lesbiana,Personaje Principal,Explícito
tt0182576,Family Guy,11/15/2001,John Herbert,Blanco,Hombre Cis,Gay,Personaje Recurrente,Implícito
tt0182576,Family Guy,1/31/1999,Stewie Griffin,Blanco,Hombre Cis,Bisexual,Personaje Principal,Implícito
tt0182576,Family Guy,4/18/1999,Bruce,Blanco,Hombre Cis,Gay,Personaje Recurrente,Explícito
tt0182576,Family Guy,1/31/1999,Meg Griffin,Blanco,Mujer Cis,Bisexual,Personaje Principal,Implícito
tt0182576,Family Guy,1/6/2006,Sarah,Blanco,Mujer Cis,Lesbiana,Personaje Secundario,Explícito
tt0182576,Family Guy,7/12/2000,Jasper,N/A,No Binario,Queer,Personaje Recurrente,Explícito
tt0182576,Family Guy,5/9/2010,Ida Davis,Blanco,Mujer Trans,Indeterminado,Personaje Secundario,Explícito
tt8322592,Fast & Furious Spy Racers,12/26/2019,Wanda Benson,POC,Mujer Cis,Lesbiana,Personaje Recurrente,Explícito
tt8322592,Fast & Furious Spy Racers,12/26/2019,Tiffany Benson,POC,Mujer Cis,Lesbiana,Personaje Recurrente,Explícito
tt6317068,Final Space,7/29/2019,Clarence,N/A,Hombre Cis,Bisexual,Personaje Recurrente,Implícito
tt6317068,Final Space,6/22/2019,Ash Graven,N/A,Mujer Cis,Bisexual,Personaje Recurrente,Implícito
tt6317068,Final Space,4/16/2018,Tribore Menendez,N/A,Género Fluido,Indeterminado,Personaje Secundario,Explícito
tt0854504,Freak Show,10/4/2006,Log Cabin Republican,Blanco,Hombre Cis,Gay,Personaje Principal,Explícito
tt5957358,Freedom Fighters: The Ray,12/8/2017,John Trujillo/Black Condor,POC,Hombre Cis,Gay,Personaje Principal,Implícito
tt5957358,Freedom Fighters: The Ray,12/8/2017,Jacob,Blanco,Hombre Cis,Gay,Personaje Recurrente,Explícito
tt5957358,Freedom Fighters: The Ray,12/8/2017,Ray Terrill/The Ray,Blanco,Hombre Cis,Gay,Personaje Principal,Explícito
tt0149460,Futurama,4/6/1999,Randy Munchnik,Blanco,Hombre Cis,Gay,Personaje Recurrente,Implícito
tt0149460,Futurama,11/14/1999,Hermaphrobot,N/A,Mujer Trans,Indeterminado,Personaje Secundario,Explícito
tt0108783,Gargoyles,10/24/1994,Lexington,N/A,Hombre Cis,Gay,Personaje Secundario,Implícito
tt0108783,Gargoyles,9/11/1995,Puck,N/A,Hombre Cis,Bisexual,Personaje Recurrente,Implícito
tt0108783,Gargoyles,9/11/1995,Owen Burnett,Blanco,Hombre Cis,Asexual,Personaje Principal,Implícito
tt0108783,Gargoyles,11/4/1994,Janine Renard/Fox,Blanco,Mujer Cis,Bisexual,Personaje Recurrente,Implícito
tt7945066,gen:LOCK,11/25/2021,Robert Sinclair,Blanco,Hombre Cis,Gay,Personaje Recurrente,Explícito
tt7945066,gen:LOCK,1/26/2019,Valentina Romanyszyn,Blanco,Género Fluido,Pansexual,Personaje Principal,Explícito
tt1865718,Gravity Falls,6/29/2012,Deputy Durland,Blanco,Hombre Cis,Indeterminado,Personaje Recurrente,Explícito
tt1865718,Gravity Falls,6/29/2012,Sheriff Blubs,POC,Hombre Cis,Indeterminado,Personaje Secundario,Explícito
tt7658402,Harley Quinn,12/13/2019,Clayface,N/A,Hombre Cis,Gay,Personaje Principal,Explícito
tt7658402,Harley Quinn,11/29/2019,Harley Quinn,Blanco,Mujer Cis,Bisexual,Personaje Principal,Explícito
tt7658402,Harley Quinn,11/29/2019,Poison Ivy,Blanco,Mujer Cis,Bisexual,Personaje Principal,Explícito
tt7216636,Hazbin Hotel,10/28/2019,Alastor,N/A,Hombre Cis,Asexual,Personaje Principal,Implícito
tt7216636,Hazbin Hotel,10/28/2019,Angel Dust,N/A,Hombre Cis,Gay,Personaje Principal,Explícito
tt7216636,Hazbin Hotel,10/28/2019,Vaggie,N/A,Mujer Cis,Lesbiana,Personaje Principal,Explícito
tt7216636,Hazbin Hotel,10/28/2019,Charlie Magne,N/A,Mujer Cis,Bisexual,Personaje Principal,Explícito
tt10691770,Helluva Boss,10/31/2020,Blitzo,N/A,Hombre Cis,Pansexual,Personaje Principal,Implícito
tt10691770,Helluva Boss,10/31/2020,Moxxie,N/A,Hombre Cis,Bisexual,Personaje Principal,Implícito
tt10691770,Helluva Boss,10/31/2020,Stolas,N/A,Hombre Cis,Queer,Personaje Secundario,Implícito
tt10691770,Helluva Boss,4/30/2021,Sallie May,N/A,Mujer Trans,Indeterminado,Personaje Secundario,Implícito
tt0115200,Hey Arnold!,9/22/1997,Robert Simmons,Blanco,Hombre Cis,Gay,Personaje Recurrente,Implícito
tt0115200,Hey Arnold!,10/7/1996,Eugene Horowitz,Blanco,Hombre Cis,Gay,Personaje Recurrente,Implícito
tt13635348,High Guardian Spice,10/26/2021,Anise,POC,Mujer Cis,Lesbiana,Personaje Recurrente,Explícito
tt13635348,High Guardian Spice,10/26/2021,Aloe,Blanco,Mujer Cis,Lesbiana,Personaje Recurrente,Explícito
tt13635348,High Guardian Spice,10/26/2021,Professor Caraway,Blanco,Hombre Trans,Indeterminado,Personaje Secundario,Explícito
tt13635348,High Guardian Spice,10/26/2021,Snapdragon,Blanco,Mujer Trans,Indeterminado,Personaje Principal,Explícito
tt9077562,Hoops,8/21/2020,Scott,Blanco,Hombre Cis,Gay,Personaje Principal,Explícito
tt6741278,Invincible,3/26/2021,William Francis Clockwell,Blanco,Hombre Cis,Gay,Personaje Recurrente,Implícito
tt11198220,Jellystone!,7/29/2021,Hadji Singh,POC,Hombre Cis,Gay,Personaje Recurrente,Implícito
tt11198220,Jellystone!,7/29/2021,Mildew Wolf,N/A,Hombre Cis,Gay,Personaje Recurrente,Implícito
tt11198220,Jellystone!,7/29/2021,Jonny Quest,Blanco,Hombre Cis,Gay,Personaje Recurrente,Implícito
tt0118375,King of the Hill,4/28/2002,Bug Gribble,Blanco,Hombre Cis,Gay,Personaje Secundario,Explícito
tt0118375,King of the Hill,4/28/2002,Juan Pedro,POC,Hombre Cis,Gay,Personaje Secundario,Explícito
tt10482560,Kipo and the Age of Wonderbeasts,1/14/2020,Troy Sandoval,POC,Hombre Cis,Gay,Personaje Recurrente,Explícito
tt10482560,Kipo and the Age of Wonderbeasts,1/14/2020,Benson Mekler,POC,Hombre Cis,Gay,Personaje Principal,Explícito
tt10482560,Kipo and the Age of Wonderbeasts,6/12/2020,Asher Berdacs,N/A,No Binario,Indeterminado,Personaje Recurrente,Implícito
tt11237954,Loafy,8/8/2020,Scrooge,N/A,Hombre Cis,Gay,Personaje Recurrente,Explícito
tt11237954,Loafy,8/8/2020,Eli,N/A,Hombre Cis,Gay,Personaje Recurrente,Explícito
tt11714912,Madagascar: A Little Wild,5/27/2021,Odee Elliott,N/A,No Binario,Indeterminado,Personaje Recurrente,Explícito
tt7683028,Magical Girl Friendship Squad: Origins,1/1/2020,Daisy,POC,Mujer Cis,Lesbiana,Personaje Principal,Explícito
tt9811118,Marvel's M.O.D.O.K.,5/21/2021,Gary Garoldson,N/A,Hombre Cis,Gay,Personaje Principal,Explícito
tt9811118,Marvel's M.O.D.O.K.,5/21/2021,Melissa Tartleton,POC,Mujer Cis,Bisexual,Personaje Principal,Explícito
tt9165454,Middle School Moguls,9/15/2019,Wren,Blanco,No Binario,Indeterminado,Personaje Invitado,Explícito
tt3038546,Mike Tyson Mysteries,10/27/2014,Marquess of Queensberry,Blanco,Hombre Cis,Gay,Personaje Recurrente,Explícito
tt3038546,Mike Tyson Mysteries,10/27/2014,Yung Hee Tyson,POC,Mujer Cis,Pansexual,Personaje Principal,Explícito
tt0197148,Mission Hill,9/24/1999,Gus Duncz,Blanco,Hombre Cis,Gay,Personaje Recurrente,Explícito
tt0197148,Mission Hill,9/24/1999,Wally Langford,Blanco,Hombre Cis,Gay,Personaje Recurrente,Explícito
tt0476922,Moral Orel,1/30/2006,Coach Daniel Stopframe,Blanco,Hombre Cis,Bisexual,Personaje Recurrente,Explícito
tt0476922,Moral Orel,2/20/2006,Stephanie Foamwire-Putty,Blanco,Mujer Cis,Lesbiana,Personaje Recurrente,Explícito
tt1751105,My Little Pony: Friendship is Magic,11/10/2012,King Sombra,N/A,Hombre Cis,Bisexual,Personaje Recurrente,Implícito
tt1751105,My Little Pony: Friendship is Magic,10/10/2010,Sweetie Drops,N/A,Mujer Cis,Indeterminado,Personaje Recurrente,Explícito
tt1751105,My Little Pony: Friendship is Magic,6/15/2019,Auntie Lofty,N/A,Mujer Cis,Indeterminado,Personaje Invitado,Explícito
tt1751105,My Little Pony: Friendship is Magic,10/10/2010,Lyra Heartstrings,N/A,Mujer Cis,Indeterminado,Personaje Recurrente,Explícito
tt1751105,My Little Pony: Friendship is Magic,6/15/2019,Aunt Holiday,N/A,Mujer Cis,Indeterminado,Personaje Invitado,Explícito
tt8011944,Nomad of Nowhere,3/16/2018,Skout,Blanco,Mujer Cis,Lesbiana,Personaje Principal,Implícito
tt6965802,OK K.O.! Let's Be Heroes,8/1/2017,Nick Army,Blanco,Hombre Cis,Gay,Personaje Recurrente,Explícito
tt6965802,OK K.O.! Let's Be Heroes,8/1/2017,Joff,POC,Hombre Cis,Gay,Personaje Recurrente,Explícito
tt6965802,OK K.O.! Let's Be Heroes,8/1/2017,Lord Boxman,N/A,Hombre Cis,Pansexual,Personaje Recurrente,Explícito
tt6965802,OK K.O.! Let's Be Heroes,8/17/2017,Professor Venomous,N/A,Hombre Cis,Bisexual,Personaje Recurrente,Explícito
tt6965802,OK K.O.! Let's Be Heroes,8/1/2017,Enid,POC,Mujer Cis,Bisexual,Personaje Principal,Explícito
tt6965802,OK K.O.! Let's Be Heroes,8/1/2017,Red Action,N/A,Mujer Cis,Lesbiana,Personaje Recurrente,Explícito
tt6965802,OK K.O.! Let's Be Heroes,8/2/2017,Bobo,N/A,Agénero,Indeterminado,Personaje Invitado,Explícito
tt6965802,OK K.O.! Let's Be Heroes,8/1/2017,Gregg,N/A,No Binario,Indeterminado,Personaje Invitado,Implícito
tt6965802,OK K.O.! Let's Be Heroes,8/1/2017,Radicles,N/A,Género Fluido,Pansexual,Personaje Principal,Implícito
tt12605636,Onyx Equinox,11/21/2020,Yaotl,POC,Hombre Cis,Bisexual,Personaje Invitado,Implícito
tt12605636,Onyx Equinox,11/21/2020,Michtecacihuatl,POC,Mujer Cis,Bisexual,Personaje Invitado,Implícito
tt8235236,Paradise PD,8/31/2018,Stanley Hopson,Blanco,Hombre Cis,Bisexual,Personaje Recurrente,Explícito
tt6148744,Pete the Cat,12/26/2017,Syd,N/A,Hombre Cis,Gay,Personaje Invitado,Explícito
tt6148744,Pete the Cat,12/26/2017,Sam,N/A,Hombre Cis,Gay,Personaje Invitado,Explícito
tt10140028,Q-Force,9/2/2021,Benji,Blanco,Hombre Cis,Gay,Personaje Secundario,Explícito
tt10140028,Q-Force,9/2/2021,Twink,Blanco,Hombre Cis,Gay,Personaje Secundario,Explícito
tt10140028,Q-Force,9/2/2021,Antoni,Blanco,Hombre Cis,Bisexual,Personaje Secundario,Explícito
tt10140028,Q-Force,9/2/2021,Steve Maryweather,Blanco,Hombre Cis,Gay,Personaje Principal,Explícito
tt10140028,Q-Force,9/2/2021,Pam Roop,Blanco,Mujer Cis,Lesbiana,Personaje Secundario,Explícito
tt10140028,Q-Force,9/2/2021,Deb,POC,Mujer Cis,Lesbiana,Personaje Secundario,Explícito
tt10140028,Q-Force,9/2/2021,Louisa Desk,Blanco,Mujer Cis,Lesbiana,Personaje Recurrente,Implícito
tt10140028,Q-Force,9/2/2021,Stat,Blanco,Mujer Trans,Lesbiana,Personaje Secundario,Explícito
tt0372707,Queer Duck,10/11/2000,Bipolar Bear,N/A,Hombre Cis,Bisexual,Personaje Recurrente,Explícito
tt0372707,Queer Duck,10/11/2000,Regina/Rex,N/A,Hombre Cis,Gay,Personaje Recurrente,Explícito
tt0372707,Queer Duck,10/11/2000,Adam Seymour Duckstein,N/A,Hombre Cis,Gay,Personaje Principal,Explícito
tt0372707,Queer Duck,10/11/2000,Steven Arlo Gator,N/A,Hombre Cis,Gay,Personaje Principal,Explícito
tt0372707,Queer Duck,10/11/2000,Oscar Wildcat,N/A,Hombre Cis,Gay,Personaje Recurrente,Explícito
tt0372707,Queer Duck,10/11/2000,Melissa Duckstein,N/A,Mujer Cis,Lesbiana,Personaje Principal,Explícito
tt0372707,Queer Duck,10/11/2000,Yvette,N/A,Mujer Cis,Lesbiana,Personaje Recurrente,Explícito
tt0401747,Red vs. Blue,10/2/2016,Agent Ohio/Vera,N/A,Mujer Cis,Lesbiana,Personaje Recurrente,Explícito
tt0401747,Red vs. Blue,10/9/2016,Sherry,N/A,Mujer Cis,Lesbiana,Personaje Recurrente,Implícito
tt0837014,Rick & Steve: The Happiest Gay Couple in All the World,7/10/2007,Rick Brocka,POC,Hombre Cis,Gay,Personaje Principal,Explícito
tt0837014,Rick & Steve: The Happiest Gay Couple in All the World,7/10/2007,Steve,Blanco,Hombre Cis,Gay,Personaje Principal,Explícito
tt0837014,Rick & Steve: The Happiest Gay Couple in All the World,7/10/2007,Dana Bernstein,Blanco,Mujer Cis,Lesbiana,Personaje Principal,Explícito
tt0837014,Rick & Steve: The Happiest Gay Couple in All the World,7/10/2007,Kirsten Kellogg,Blanco,Mujer Cis,Lesbiana,Personaje Principal,Explícito
tt2861424,Rick and Morty,1/27/2014,Jerry Smith,Blanco,Hombre Cis,Bisexual,Personaje Recurrente,Explícito
tt2861424,Rick and Morty,8/16/2015,Sleepy Gary,Blanco,Hombre Cis,Bisexual,Personaje Secundario,Explícito
tt13351440,Ridley Jones,7/13/2021,Aten,N/A,Hombre Cis,Gay,Personaje Recurrente,Explícito
tt13351440,Ridley Jones,7/13/2021,Kosi,N/A,Hombre Cis,Gay,Personaje Recurrente,Explícito
tt13351440,Ridley Jones,7/13/2021,Fred,N/A,No Binario,Indeterminado,Personaje Principal,Explícito
tt8741368,Rugrats (2021),5/27/2021,Betty DeVille,Blanco,Mujer Cis,Lesbiana,Personaje Recurrente,Explícito
tt3066242,RWBY,1/7/2017,Ilia Amitola,Blanco,Mujer Cis,Lesbiana,Personaje Secundario,Explícito
tt3066242,RWBY,12/8/2018,Terra Cotta-Arc,POC,Mujer Cis,Lesbiana,Personaje Secundario,Explícito
tt3066242,RWBY,12/8/2018,Saphron,Blanco,Mujer Cis,Lesbiana,Personaje Secundario,Explícito
tt3066242,RWBY,7/25/2013,Blake Belladonna,Blanco,Mujer Cis,Bisexual,Personaje Principal,Implícito
tt3066242,RWBY,11/30/2019,May Marigold,Blanco,Mujer Trans,Indeterminado,Personaje Recurrente,Explícito
tt12286260,Santa Inc.,12/2/2021,Jingle Jim,N/A,Hombre Cis,Gay,Personaje Principal,Explícito
tt12286260,Santa Inc.,12/2/2021,Dr. Almonds,Blanco,Hombre Cis,Gay,Personaje Recurrente,Explícito
tt12286260,Santa Inc.,12/2/2021,Goldie,N/A,Mujer Cis,Bisexual,Personaje Principal,Explícito
tt1660055,Scooby Doo! Mystery Incorporated,4/5/2010,Velma Dinkley,Blanco,Mujer Cis,Lesbiana,Personaje Principal,Implícito
tt7745956,She-Ra and the Princesses of Power,4/26/2019,George,POC,Hombre Cis,Gay,Personaje Invitado,Explícito
tt7745956,She-Ra and the Princesses of Power,11/13/2018,Kyle,Blanco,Hombre Cis,Gay,Personaje Recurrente,Explícito
tt7745956,She-Ra and the Princesses of Power,4/26/2019,Lance,POC,Hombre Cis,Gay,Personaje Invitado,Explícito
tt7745956,She-Ra and the Princesses of Power,11/13/2018,Bow,POC,Hombre Cis,Bisexual,Personaje Principal,Implícito
tt7745956,She-Ra and the Princesses of Power,11/13/2018,Rogelio,N/A,Hombre Cis,Gay,Personaje Recurrente,Explícito
tt7745956,She-Ra and the Princesses of Power,11/13/2018,Sea Hawk,Blanco,Hombre Cis,Queer,Personaje Recurrente,Implícito
tt7745956,She-Ra and the Princesses of Power,5/15/2020,Falcon,Blanco,Hombre Cis,Queer,Personaje Invitado,Implícito
tt7745956,She-Ra and the Princesses of Power,11/13/2018,Scorpia,POC,Mujer Cis,Lesbiana,Personaje Secundario,Explícito
tt7745956,She-Ra and the Princesses of Power,11/13/2018,Netossa,POC,Mujer Cis,Lesbiana,Personaje Recurrente,Explícito
tt7745956,She-Ra and the Princesses of Power,11/13/2018,Catra,POC,Mujer Cis,Lesbiana,Personaje Principal,Explícito
tt7745956,She-Ra and the Princesses of Power,11/13/2018,Adora,Blanco,Mujer Cis,Lesbiana,Personaje Principal,Explícito
tt7745956,She-Ra and the Princesses of Power,11/13/2018,Entrapta,POC,Mujer Cis,Pansexual,Personaje Secundario,Implícito
tt7745956,She-Ra and the Princesses of Power,11/13/2018,Mara,POC,Mujer Cis,Queer,Personaje Recurrente,Explícito
tt7745956,She-Ra and the Princesses of Power,11/13/2018,Spinnerella,Blanco,Mujer Cis,Lesbiana,Personaje Recurrente,Explícito
tt7745956,She-Ra and the Princesses of Power,8/2/2019,Huntara,N/A,Mujer Cis,Lesbiana,Personaje Recurrente,Explícito
tt7745956,She-Ra and the Princesses of Power,11/13/2018,Glimmer,POC,Mujer Cis,Bisexual,Personaje Principal,Implícito
tt7745956,She-Ra and the Princesses of Power,11/13/2018,Perfuma,POC,Mujer Cis,Bisexual,Personaje Recurrente,Implícito
tt7745956,She-Ra and the Princesses of Power,11/13/2018,Light Hope,N/A,Mujer Cis,Queer,Personaje Recurrente,Explícito
tt7745956,She-Ra and the Princesses of Power,11/5/2019,Double Trouble,N/A,No Binario,Queer,Personaje Recurrente,Explícito
tt1232266,"Sit Down, Shut Up",4/19/2009,Andrew LeGustambos,POC,Hombre Cis,Bisexual,Personaje Recurrente,Explícito
tt8910922,Solar Opposites,5/8/2020,Terry,N/A,Hombre Cis,Gay,Personaje Recurrente,Implícito
tt8910922,Solar Opposites,5/8/2020,Korvo,N/A,Agénero,Indeterminado,Personaje Principal,Implícito
tt0121955,South Park,12/17/1997,Craig Tucker,Blanco,Hombre Cis,Gay,Personaje Recurrente,Explícito
tt0121955,South Park,4/1/1998,Satan,N/A,Hombre Cis,Gay,Personaje Recurrente,Explícito
tt0121955,South Park,8/13/1997,Herbert Garrison,Blanco,Hombre Cis,Gay,Personaje Principal,Explícito
tt0121955,South Park,5/27/1998,Stephen Stotch,Blanco,Hombre Cis,Bisexual,Personaje Recurrente,Explícito
tt0121955,South Park,4/1/1998,Saddam Hussein,POC,Hombre Cis,Gay,Personaje Recurrente,Explícito
tt0121955,South Park,11/20/2002,Mr. Slave,Blanco,Hombre Cis,Gay,Personaje Recurrente,Explícito
tt0121955,South Park,12/17/1997,Tweek Tweak,Blanco,Hombre Cis,Gay,Personaje Recurrente,Explícito
tt0121955,South Park,9/3/1997,Big Gay Al,Blanco,Hombre Cis,Gay,Personaje Recurrente,Explícito
tt0121955,South Park,2/11/1998,Ms. Ellen,POC,Mujer Cis,Lesbiana,Personaje Invitado,Implícito
tt0121955,South Park,8/13/1997,Liane Cartman,Blanco,Mujer Cis,Bisexual,Personaje Recurrente,Implícito
tt0121955,South Park,8/13/1997,Herbert Garrison,Blanco,Mujer Trans,Lesbiana,Personaje Principal,Explícito
tt0108937,Space Ghost Coast to Coast,12/25/1994,Lokar,N/A,Hombre Cis,Gay,Personaje Recurrente,Implícito
tt0206512,SpongeBob SquarePants,5/1/1999,SpongeBob,N/A,Hombre Cis,Asexual,Personaje Principal,Implícito
tt9184820,Star Trek: Lower Decks,8/6/2020,Andy Billups,Blanco,Hombre Cis,Asexual,Personaje Recurrente,Implícito
tt9184820,Star Trek: Lower Decks,8/20/2020,Jennifer Sh'reyan,N/A,Mujer Cis,Lesbiana,Personaje Recurrente,Explícito
tt9184820,Star Trek: Lower Decks,8/6/2020,Beckett Mariner,POC,Mujer Cis,Pansexual,Personaje Principal,Explícito
tt9795876,Star Trek: Prodigy,10/28/2021,Zero,N/A,Agénero,Indeterminado,Personaje Principal,Explícito
tt2758770,Star vs. the Forces of Evil,1/18/2015,Jackie Lynn Thomas,Blanco,Mujer Cis,Indeterminado,Personaje Recurrente,Implícito
tt8336340,Star Wars Resistance,10/7/2018,Orka,N/A,Hombre Cis,Gay,Personaje Recurrente,Explícito
tt8336340,Star Wars Resistance,10/7/2018,Flix,N/A,Hombre Cis,Gay,Personaje Recurrente,Explícito
tt0247729,Static Shock,9/23/2000,Richie Foley,Blanco,Hombre Cis,Gay,Personaje Principal,Implícito
tt3061046,Steven Universe,11/18/2013,Harold Smiley,POC,Hombre Cis,Gay,Personaje Recurrente,Implícito
tt3061046,Steven Universe,11/18/2013,Quentin Frowney,Blanco,Hombre Cis,Indeterminado,Personaje Invitado,Implícito
tt3061046,Steven Universe,1/15/2015,Stevonnie,POC,Intersexual,Indeterminado,Personaje Recurrente,Explícito
tt3061046,Steven Universe,11/4/2013,Sapphire,N/A,No Binario,Lesbiana,Personaje Recurrente,Explícito
tt3061046,Steven Universe,11/4/2013,Ruby,N/A,No Binario,Lesbiana,Personaje Recurrente,Explícito
tt3061046,Steven Universe,1/8/2015,Peridot,N/A,No Binario,Asexual,Personaje Recurrente,Explícito
tt3061046,Steven Universe,4/9/2015,Rose Quartz,N/A,No Binario,Bisexual,Personaje Recurrente,Explícito
tt3061046,Steven Universe,11/4/2013,Pearl,N/A,No Binario,Queer,Personaje Secundario,Explícito
tt3061046,Steven Universe,8/4/2016,Bismuth,N/A,No Binario,Queer,Personaje Recurrente,Explícito
tt3061046,Steven Universe,11/4/2013,Sadie Miller,Blanco,Indeterminado,Indeterminado,Personaje Recurrente,Explícito
tt3061046,Steven Universe,11/18/2013,Kiki Pizza,POC,Indeterminado,Indeterminado,Personaje Recurrente,Implícito
tt13714610,Steven Universe Future,12/28/2019,Shep,POC,No Binario,Indeterminado,Personaje Invitado,Explícito
tt8146760,Summer Camp Island,7/7/2018,Alien King,N/A,Hombre Cis,Indeterminado,Personaje Recurrente,Explícito
tt8146760,Summer Camp Island,7/7/2018,Kent,N/A,Hombre Cis,Gay,Personaje Secundario,Explícito
tt8146760,Summer Camp Island,7/7/2018,Cole,N/A,Hombre Cis,Gay,Personaje Secundario,Explícito
tt8146760,Summer Camp Island,7/7/2018,Ava,N/A,Mujer Cis,Lesbiana,Personaje Secundario,Explícito
tt8146760,Summer Camp Island,7/7/2018,Blanche,N/A,Mujer Cis,Lesbiana,Personaje Secundario,Explícito
tt8146760,Summer Camp Island,7/7/2018,Puddle,N/A,No Binario,Indeterminado,Personaje Recurrente,Explícito
tt1031283,Superjail!,9/28/2008,Paul Guaye,POC,Hombre Cis,Gay,Personaje Recurrente,Explícito
tt1031283,Superjail!,9/28/2008,Jean Baptiste Le Ghei,Blanco,Hombre Cis,Gay,Personaje Recurrente,Explícito
tt1031283,Superjail!,9/28/2008,Bruce,POC,Hombre Trans,Indeterminado,Personaje Recurrente,Explícito
tt1031283,Superjail!,9/28/2008,Alice,POC,Mujer Trans,Indeterminado,Personaje Principal,Explícito
tt0115378,Superman: The Animated Series,2/1/1997,Maggie Sawyer,Blanco,Mujer Cis,Lesbiana,Personaje Recurrente,Implícito
tt2818496,The Awesomes,9/5/2013,Zip Danger/Frantic,Blanco,Hombre Cis,Gay,Personaje Principal,Explícito
tt2818496,The Awesomes,10/20/2015,The Gayfather,Blanco,Hombre Cis,Gay,Personaje Recurrente,Explícito
tt2818496,The Awesomes,8/8/2013,Tomboy,Blanco,Mujer Cis,Lesbiana,Personaje Recurrente,Explícito
tt0373732,The Boondocks,12/11/2005,Gangstalicious,POC,Hombre Cis,Gay,Personaje Recurrente,Explícito
tt10394790,The Bravest Knight,6/21/2019,Prince Andrew,POC,Hombre Cis,Gay,Personaje Secundario,Explícito
tt10394790,The Bravest Knight,6/21/2019,Sir Cedric,Blanco,Hombre Cis,Gay,Personaje Principal,Explícito
tt6435118,The Bug Diaries,4/12/2019,Mama Worm,N/A,Mujer Cis,Lesbiana,Personaje Recurrente,Explícito
tt6435118,The Bug Diaries,4/12/2019,Moma Worm,N/A,Mujer Cis,Lesbiana,Personaje Recurrente,Explícito
tt1195935,The Cleveland Show,10/18/2009,Lloyd Waterman,Blanco,Hombre Cis,Gay,Personaje Recurrente,Explícito
tt1195935,The Cleveland Show,10/18/2009,Terry Kimple,Blanco,Hombre Cis,Gay,Personaje Recurrente,Explícito
tt1195935,The Cleveland Show,10/18/2009,Paul,Blanco,Hombre Cis,Gay,Personaje Recurrente,Explícito
tt8688814,The Dragon Prince,11/22/2019,Ethari,N/A,Hombre Cis,Indeterminado,Personaje Invitado,Explícito
tt8688814,The Dragon Prince,11/22/2019,Runaan,N/A,Hombre Cis,Indeterminado,Personaje Recurrente,Explícito
tt8688814,The Dragon Prince,11/22/2019,Amaya,Blanco,Mujer Cis,Lesbiana,Personaje Recurrente,Implícito
tt8688814,The Dragon Prince,11/22/2019,Janai,N/A,Mujer Cis,Lesbiana,Personaje Recurrente,Implícito
tt8688814,The Dragon Prince,11/22/2019,Kazi,N/A,No Binario,Indeterminado,Personaje Invitado,Implícito
tt10684374,The Ghost and Molly McGee,10/30/2021,Pam Roop,Blanco,Mujer Cis,Lesbiana,Personaje Secundario,Explícito
tt10684374,The Ghost and Molly McGee,10/6/2021,Ms. Roop,Blanco,Mujer Cis,Lesbiana,Personaje Recurrente,Explícito
tt1183569,The Goode Family,6/19/2009,Trish,Blanco,Mujer Cis,Lesbiana,Personaje Secundario,Explícito
tt1183569,The Goode Family,6/3/2009,Mo,Blanco,Mujer Cis,Lesbiana,Personaje Recurrente,Explícito
tt1183569,The Goode Family,6/19/2009,Souki,POC,Mujer Cis,Lesbiana,Personaje Recurrente,Explícito
tt1183569,The Goode Family,6/19/2009,Jenn,Blanco,Mujer Cis,Lesbiana,Personaje Recurrente,Explícito
tt9140632,The Great North,1/3/2021,Ham Tobin,Blanco,Hombre Cis,Gay,Personaje Principal,Explícito
tt9140632,The Great North,1/3/2021,Crispin Cienfuegos,POC,Hombre Cis,Gay,Personaje Recurrente,Explícito
tt1695360,The Legend of Korra,4/28/2012,Korra,POC,Mujer Cis,Bisexual,Personaje Principal,Implícito
tt1695360,The Legend of Korra,4/14/2012,Asami Sato,POC,Mujer Cis,Bisexual,Personaje Secundario,Explícito
tt1695360,The Legend of Korra,9/13/2013,Kya,POC,Mujer Cis,Indeterminado,Personaje Recurrente,Implícito
tt1695360,The Legend of Korra,6/23/2012,Kyoshi,POC,Mujer Cis,Bisexual,Personaje Invitado,Explícito
tt4859164,The Loud House,7/20/2016,Howard McBride,Blanco,Hombre Cis,Gay,Personaje Secundario,Explícito
tt4859164,The Loud House,7/20/2016,Harold McBride,POC,Hombre Cis,Gay,Personaje Secundario,Explícito
tt4859164,The Loud House,2/15/2020,Lainey,Blanco,Mujer Cis,Lesbiana,Personaje Invitado,Explícito
tt4859164,The Loud House,6/15/2017,Sam Sharp,Blanco,Mujer Cis,Lesbiana,Personaje Recurrente,Explícito
tt4859164,The Loud House,5/2/2016,Luna Loud,Blanco,Mujer Cis,Queer,Personaje Secundario,Explícito
tt4859164,The Loud House,2/15/2020,Alice,POC,Mujer Cis,Lesbiana,Personaje Invitado,Explícito
tt4859164,The Loud House,7/21/2016,Dana Dufresne,Blanco,Mujer Trans,Indeterminado,Personaje Recurrente,Implícito
tt1372153,The Nutshack,4/7/2009,Cherry Pie,POC,Mujer Trans,Indeterminado,Personaje Secundario,Explícito
tt0219446,The Oblongs,4/2/2001,Anita Bidet,Blanco,Mujer Trans,Indeterminado,Personaje Secundario,Explícito
tt8050756,The Owl House,1/10/2020,Eda Clawthorne,N/A,Mujer Cis,Queer,Personaje Principal,Explícito
tt8050756,The Owl House,1/10/2020,Luz Noceda,POC,Mujer Cis,Bisexual,Personaje Principal,Explícito
tt8050756,The Owl House,1/24/2020,Amity Blight,N/A,Mujer Cis,Lesbiana,Personaje Secundario,Explícito
tt8050756,The Owl House,7/24/2021,Raine Whispers,N/A,No Binario,Queer,Personaje Recurrente,Explícito
tt0101178,The Ren & Stimpy Show,8/11/1991,Ren,N/A,Hombre Cis,Queer,Personaje Principal,Explícito
tt0101178,The Ren & Stimpy Show,8/11/1991,Stimpy,N/A,Hombre Cis,Queer,Personaje Principal,Explícito
tt0096697,The Simpsons,1/16/2011,Dewey Largo,N/A,Hombre Cis,Gay,Personaje Recurrente,Explícito
tt0096697,The Simpsons,4/3/2016,Waylon Smithers,N/A,Hombre Cis,Gay,Personaje Principal,Explícito
tt0096697,The Simpsons,4/13/2003,Julio,N/A,Hombre Cis,Gay,Personaje Recurrente,Explícito
tt0096697,The Simpsons,2/20/2005,Patty Bouvier,N/A,Mujer Cis,Lesbiana,Personaje Recurrente,Explícito
tt0096697,The Simpsons,11/21/2001,Brunella Pommelhorst,N/A,Hombre Trans,Indeterminado,Personaje Recurrente,Explícito
tt0417373,The Venture Bros.,6/25/2008,Shore Leave,Blanco,Hombre Cis,Gay,Personaje Recurrente,Explícito
tt0417373,The Venture Bros.,9/3/2006,The Alchemist,Blanco,Hombre Cis,Gay,Personaje Recurrente,Explícito
tt0417373,The Venture Bros.,9/11/2004,Colonel Horace Gentleman,Blanco,Hombre Cis,Gay,Personaje Principal,Explícito
tt0417373,The Venture Bros.,7/6/2008,Ginnie Dunne,Blanco,Mujer Cis,Lesbiana,Personaje Secundario,Explícito
tt0291672,Time Squad,6/8/2001,Larry 3000,N/A,Hombre Cis,Gay,Personaje Principal,Implícito
tt7121818,Too Loud,7/9/2017,Desiree,Blanco,Mujer Trans,Indeterminado,Personaje Secundario,Explícito
tt8891990,Transformers: Cyberverse,11/2/2018,Acid Storm,N/A,Género Fluido,Indeterminado,Personaje Recurrente,Implícito
tt1659175,Transformers: Prime,3/11/2011,Knock Out,N/A,Hombre Cis,Gay,Personaje Secundario,Implícito
tt8036272,Tuca & Bertie,7/4/2021,Kara,N/A,Mujer Cis,Lesbiana,Personaje Recurrente,Explícito
tt8036272,Tuca & Bertie,5/3/2019,Tuca,N/A,Mujer Cis,Bisexual,Personaje Principal,Explícito
tt8009622,Twelve Forever,7/29/2019,Beefhouse,N/A,Hombre Cis,Indeterminado,Personaje Recurrente,Explícito
tt8009622,Twelve Forever,7/29/2019,Galaxander,N/A,Hombre Cis,Indeterminado,Personaje Invitado,Explícito
tt8009622,Twelve Forever,7/29/2019,Mack,N/A,Hombre Cis,Indeterminado,Personaje Recurrente,Explícito
tt8009622,Twelve Forever,7/29/2019,Reggie Abbott,Blanco,Mujer Cis,Queer,Personaje Principal,Explícito
tt8146766,Victor and Valentino,3/30/2019,Xochi Jalapeno,POC,Mujer Cis,Indeterminado,Personaje Recurrente,Explícito
tt5580664,Voltron: Legendary Defender,6/10/2016,Takashi Shirogane,POC,Hombre Cis,Gay,Personaje Principal,Explícito
tt5580664,Voltron: Legendary Defender,6/10/2016,Curtis,POC,Hombre Cis,Gay,Personaje Invitado,Explícito
tt5580664,Voltron: Legendary Defender,6/10/2016,Adam,POC,Hombre Cis,Gay,Personaje Principal,Explícito
tt0383718,W.I.T.C.H.,12/18/2004,Irma Lair,Blanco,Mujer Cis,Lesbiana,Personaje Principal,Implícito
tt0383718,W.I.T.C.H.,2/12/2005,Nerissa,Blanco,Mujer Cis,Bisexual,Personaje Recurrente,Implícito
tt0383718,W.I.T.C.H.,8/21/2006,Cassidy,Blanco,Mujer Cis,Lesbiana,Personaje Recurrente,Implícito
tt1641384,Young Justice,7/9/2019,Wyynde,POC,Hombre Cis,Gay,Personaje Invitado,Explícito
tt1641384,Young Justice,11/26/2010,Kaldur'ahm,POC,Hombre Cis,Poliamoroso,Personaje Principal,Explícito
tt1641384,Young Justice,6/2/2012,Bart Allen,Blanco,Hombre Cis,Gay,Personaje Recurrente,Explícito
tt1641384,Young Justice,5/26/2012,Ed Dorado Jr.,POC,Hombre Cis,Gay,Personaje Recurrente,Implícito
tt1641384,Young Justice,11/26/2010,Marie Logan,Blanco,Mujer Cis,Lesbiana,Personaje Invitado,Implícito
tt1641384,Young Justice,1/25/2019,Harper Row,Blanco,Mujer Cis,Bisexual,Personaje Invitado,Implícito
tt1641384,Young Justice,1/4/2019,Violet Harper,POC,No Binario,Indeterminado,Personaje Recurrente,Explícito
